{"cameraMode":{"drawMode":0,"name":"Shaded","section":"Shading Mode"},"sceneLighting":true,"audioPlay":false,"sceneViewState":{"showFog":true,"showMaterialUpdate":false,"showSkybox":true,"showFlares":true,"showImageEffects":true,"showParticleSystems":true},"in2DMode":false,"pivot":{"x":-2.881638765335083,"y":-0.5050420761108398,"z":1.76210355758667},"rotation":{"x":-0.23837260901927949,"y":0.2695470452308655,"z":-0.0692419558763504,"w":-0.9306054711341858},"size":7.000358581542969,"orthographic":false}