{"cameraMode":{"drawMode":0,"name":"Shaded","section":"Shading Mode"},"sceneLighting":false,"audioPlay":false,"sceneViewState":{"showFog":true,"showMaterialUpdate":false,"showSkybox":false,"showFlares":true,"showImageEffects":true,"showParticleSystems":true},"in2DMode":false,"pivot":{"x":1.0,"y":1.0499999523162842,"z":-1.380000114440918},"rotation":{"x":-0.11457695066928864,"y":-0.12025731056928635,"z":0.015233623795211316,"w":-0.9862275123596191},"size":3.656155586242676,"orthographic":false}